iter	Logloss
0	0.6570799857
1	0.6209625625
2	0.5840865761
3	0.5556691788
4	0.5316541412
5	0.5077989473
6	0.4822638062
7	0.4600582518
8	0.4388731672
9	0.4219747209
