iter	Logloss
0	0.659961862
1	0.6262873418
2	0.5967112148
3	0.5693890478
4	0.5425328453
5	0.5183842001
6	0.4963581697
7	0.4742860615
8	0.4566779458
9	0.4389656169
